Account Code,Account Name,Current Balance,Pending Cheque,Balance,Timing Balance,Timing Days,View,Average(Last 3 Month),Comment,Date,
AA A SI,AMARA FURN,71032,,71032,71032,3days,View,,{2-5-16} 2-5 t3 old bills,28-05-2016,
AA C SO,AL-MADHINA FURN,6790,,6790,6790,,View,,11,,
AA K RJ,ARCHANA FURN,31857,,31857,31857,305days,View,,22,,
AA M SO,AMBIKA FURN,550307,,550307,550307,272days,View,,LAST UPDATE=,,
AA M SO(2),ANITHA FURN,20185,,20185,20185,,View,,13,,
AA P RJ,AMIRTHA FURN,16400,,16400,16400,304days,View,,1111,,
AA P SO,AMIRTHA FURN,2860,,2860,2860,,View,,11111,,
AA S SO,ANITHA FURN,4890,,4890,4890,,View,,11212,,
AI A PH,ANANDHI FURN,37100,,37100,37100,328days,View,,last update 25-8-16,,
AI A PH[1],ABIRAMI FURN,224350,,224350,224350,269days,View,,1212,,
AI G PH,ANNAI FURN,496753,,496753,496753,269days,View,,,,
AI R PH,AMBADI FURN,61920,,61920,61920,283days,View,,,,
AI T SI,ASHVINI FURN,155113,,155113,155113,271days,View,,,,
AI T SI[2],ABUSALI FURN,14775,,14775,14775,301days,View,,,,
AK M PH,ASHIK FURN,44409,,44409,44409,269days,View,,,,
AK T SO,ASHOK FURN,35185,,35185,35185,1106days,View,,rex set probalm[1-1-17],,
AL B SI,ARUNA STEEL FURN,42340,,42340,42340,1524days,View,,LESS MATER,,
AL M RJ,AMBAL FURN,3,,3,3,295days,View,,,,
AL P SI,AMMAL ,119349,,119349,119349,298days,View,,,,
AM K PH,A.V.M FURN,30100,,30100,30100,286days,View,,,,
AM S SO,AMUTHAM STORE,12384,,12384,12384,308days,View,,,,
AM T SO,A.V.M FURN,110570,,110570,110570,313days,View,,,,
AN A SO,ARVIN FURN,47030,,47030,47030,271days,View,,,,
AN K SI,AMSAVISION FURN,8730,,8730,8730,1525days,View,,less mater,,
AN R PH,ATHITHAN FURN,290245,,290245,290245,357days,View,,18-4 T2\t8 15-8,,
AN V SO,AMSAVISION FURN,2340,,2340,2340,1491days,View,,,,
AO A RJ,ARISTO FURN,51980,,51980,51980,292days,View,,,,
ao k ph,arul @ co,19200,,19200,19200,,View,,,,
AO K PH[2],ARASU & CO,4000,,4000,4000,,View,,,,
AR C,AR C FUN,11720,,11720,11720,1302days,View,,12-4 cr,,
AR D RJ,AANDAVAR FURN,109,,109,109,280days,View,,,,
AR K PH,ALANGAR FURN,15592,,15592,15592,309days,View,,,,
AR M SO,AJMIR FURN,548568,,548568,548568,272days,View,,old bal [30-12-12]80k,,
AR O SI,ARUNAR FURN,90,,90,90,292days,View,,,,
AR V PH,AYYANAR FURN,8150,,8150,8150,,View,,,,
AR V RJ,ANNAMALAIYAR FURN,236475,,236475,236475,277days,View,,,,
AR V SO,ANNAMALAYAR FURN,82028,,82028,82028,301days,View,,retan,,
AS P RJ,A.K.S FURN,52485,,52485,52485,669days,View,,,,
AS S,AKS FUN,666482,,666482,666482,278days,View,,,,
AS S RJ,A.K.S FURN,55,,55,55,311days,View,,,,
AS S RJ[2],ANISH FURN,221011,,221011,221011,300days,View,,,,
AU A SO,ANBU STORE,242482,,242482,242482,279days,View,,,,
AU S PH,ANBU FURN,573520,,573520,573520,269days,View,,,,
AU S PH[2],ANBU FURN,10000,,10000,10000,1404days,View,,,,
BA T SI,BHAKYA FURN,53396,,53396,53396,297days,View,,,,
BI A PH,BALAJI FURN,167018,,167018,167018,1083days,View,,4-8-17 PAYMENT OR RETEN,,
BI A SO,BHARANI FURN,5430,,5430,5430,,View,,,,
BI C RJ,BISMI FURN,108865,,108865,108865,278days,View,,,,
BI C SI,BALAJI FURN,5300,,5300,5300,1617days,View,,,,
BI J SO,BALAJI FURN,14990,,14990,14990,,View,,,,
BI V SO,BHAKYA SRI,4930,,4930,4930,,View,,,,
BK P PH,B.A.K FURN,135310,,135310,135310,320days,View,,,,
BM A PH,B.M. BED ,2400,,2400,2400,,View,,,,
BN P PH,BALAMURUGAN FUN,156635,,156635,156635,276days,View,,,,
BR M RJ,BANUSEKAR FURN,5000,,5000,5000,1309days,View,,,,
BS O RJ,BAVAS FURN,22900,,22900,22900,305days,View,,,,
BS V SI,BET"S FURN,17476,,17476,17476,321days,View,,,,
BT B DN,BEST FUN,39005,,39005,39005,1210days,View,,stell set less[11000 ball],,
BY A PH,BENNY FURN,4585,,4585,4585,516days,View,,,,
CA K PH,CHITHRA FURN,2080,,2080,2080,,View,,,,
CA S PH,CHANDRA FURN,115052,,115052,115052,283days,View,,,,
CA T PH,CHITHRA FURN,31140,,31140,31140,,View,,fire mater,,
CD K PH,CHAKRA BED ,56962,,56962,56962,280days,View,,,,
CI M SI,CHENNAI FURN,2880,,2880,2880,1547days,View,,,,
CI T SO,CHENNAI FURN,12571,,12571,12571,,View,,,,
CR W RJ,CHELLADURAI NADAR,22499,,22499,22499,284days,View,,,,
CY T SI,CITY FURN,8000,,8000,8000,1277days,View,,owner probalm 1month[22.12],,
DA P PH,DURGA FUN,44225,,44225,44225,270days,View,,RETAN 25-4,,
DA T SO,DEEPA FURN,2030,,2030,2030,,View,,,,
DB P PH,D.J.B FURN,102864,,102864,102864,269days,View,,,,
DG A SO,D.G FURN,15740,,15740,15740,795days,View,,,,
DH A PH ,DHAULATH FUN,25,,25,25,682days,View,,16-4,,
DH K PH,DHARSANATH FURN,12980,,12980,12980,286days,View,,16-4 LOADING\30-8 loading last time,,
DI K PH,DHANALAKISHMI FURN,1680,,1680,1680,1284days,View,,,,
DI M SI,DHANLAKSHMI FURN,341183,,341183,341183,271days,View,,,,
DI T PH,DHARSHINI FURN,128850,,128850,128850,280days,View,,,,
DL A SO,DHANAPAL FURN,47189,,47189,47189,418days,View,,,,
DL S SO,DANAPAL FURN,22800,,22800,22800,1023days,View,,,,
DN C SO,DHAKSHIN FURN,8600,,8600,8600,,View,,,,
DN K PH,DESIGN FURN,34920,,34920,34920,1575days,View,,,,
DN T PH,DESHIN T FURN,1860,,1860,1860,1502days,View,,17-4\retan 30-8,,
DR K SI,D.P.R FURN,315,,315,315,279days,View,,,,
DY M RJ,DOOR CITY,17,,17,17,971days,View,,,,
EI M SO,ELLUSAMI FURN,500,,500,500,1062days,View,,,,
EI R PH,ELSADAI FURN,21540,,21540,21540,,View,,ask m-d bro,,
EL A SI,EGAL FURN,310492,,310492,310492,270days,View,,,,
FA S SO,FATHIMA FURN,3987,,3987,3987,313days,View,,,,
FA T PH,FURN PLAZA,100819,,100819,100819,273days,View,,,,
FA T SO,FEMINA FURN,7390,,7390,7390,,View,,,,
FD V SO,FURNITURE WORLD,20527,,20527,20527,364days,View,,slow payment,,
FE G PH,FURNITURE ZONE,13595,,13595,13595,1500days,View,,retan less acc mater 1-5 T5,24-06-2016,
FL B SI,FURN STYLE ,5,,5,5,1480days,View,,retan OK BAL 4-5 t3,,
FL G PH,FAIR DELL,362082,,362082,362082,890days,View,,,,
FN K PH,FURN,20,,20,20,1435days,View,,,,
FN P SO,FASHION FURN,43015,,43015,43015,357days,View,,,,
FT A PH,FURNITURE POINT,301439,,301439,301439,304days,View,,,,
FT A PH(2),FURNITURE POINT,118742,,118742,118742,269days,View,,18-4,,
FT V PH,FURNITURE POINT,468630,,468630,468630,273days,View,,45 days timeing every bill,,
FU O SI,FURNITURE FOR YOU,34548,,34548,34548,511days,View,,,,
FY C SO,FAMILY FURN,172190,,172190,172190,269days,View,,,,
FY K PH,FURN GALARY,34355,,34355,34355,701days,View,,AFTER NEW YEAR,,
GA K PH,GEETHA FURN,41905,,41905,41905,305days,View,,this week 20k,,
GA K PH(2),GANGA FURN,1004204,,1004204,1004204,270days,View,,16-4,,
GA M SI,GANGA FURN,55480,,55480,55480,269days,View,,,,
GD G PH,GREAND FURN,184229,,184229,184229,269days,View,,,,
GH P RJ,GANESH FURN,14544,,14544,14544,288days,View,,19-4 T5 50000 27-4 4-5\marreage mater,26-06-2016,
GH P SO,GANESH FURN,140944,,140944,140944,279days,View,,,,
GL T PH,GURU STEEL,3750,,3750,3750,,View,,,,
GM M SO,GRAND FOAM FURN,8280,,8280,8280,,View,,,,
GM P PH,GARUDASALAM FURN,23933,,23933,23933,668days,View,,,,
GM S SP,G.M FURN ,3850,,3850,3850,1360days,View,,retan for slow payment,,
GP K RJ,G.K.P FURN,39549,,39549,39549,270days,View,,,,
GS P SO,GANDHI VILAS FURN,300,,300,300,279days,View,,,,
GS T PH,G.V.S FURN,85812,,85812,85812,284days,View,,,,
GY C PH,GANAPATHY FURN,181527,,181527,181527,1438days,View,,20-4 T5,,
GY S PH,GANAPATHY FURN,28615,,28615,28615,1417days,View,,19-4/retan last month,,
HA T RJ,HIMALAYA FURN,284363,,284363,284363,273days,View,,,,
HE T SO,HOME APPLIANCE,7470,,7470,7470,,View,,,,
HK P RJ,HI-LOOK FURN,19500,,19500,19500,1177days,View,,,,
HN V SO,HASSAN BED ,31972,,31972,31972,,View,,BiLL PROB ,,
HS T RJ,HOME NEEDS,10494,,10494,10494,311days,View,,,,
IA M RJ,INDIA FURN,32800,,32800,32800,293days,View,,,,
IA M SI,IQFA FURN,40313,,40313,40313,293days,View,,RAJ ROTE/bombay mater,,
IM A SO,IDHAYAM FURN,20950,,20950,20950,1127days,View,,THIS WEEK PAY,,
IM B RJ,I.M.INDUSTRY,2610,,2610,2610,,View,,,,
IN K PH,INDIAN FURN,6500,,6500,6500,1363days,View,,,,
IR V PH ,IYANAR FURN,9050,,9050,9050,1152days,View,,,,
JB M RJ,J.K.B FURN,193962,,193962,193962,272days,View,,,,
JE P PH,JOSE FURN,45132,,45132,45132,300days,View,,,,
JI K SO,JEYAJOTHI FURN,56310,,56310,56310,413days,View,,,,
JI P RJ,JEYANTHI FURN,25720,,25720,25720,1067days,View,,,,
JI R SI,JAI FURN,18435,,18435,18435,1214days,View,,,,
JI T SO,JEYANTHI  FURN,24848,,24848,24848,,View,,,,
JM M RJ,JEYAM FURN,153791,,153791,153791,283days,View,,two paymemt in this week,24-06-2016,
JM T SI,JEYAM FURN,1422210,,1422210,1422210,269days,View,,,,
JM T SO,JEYAM FURN,49350,,49350,49350,,View,,,,
JN P CY,JEYACHANDRAN FURN,80,,80,80,630days,View,,,,
JN P PH,J.FURN,18000,,18000,18000,923days,View,,,,
JR T RJ,J.R FURN,18660,,18660,18660,356days,View,,,,
JS T PH,J.J.S FURN,113733,,113733,113733,309days,View,,,,
JV T SO,J.V FURN,14150,,14150,14150,360days,View,,,,
KA N SO ,KRISHNA FURN,456764,,456764,456764,277days,View,,,,
KA P PH,KRISHNA FURN,60515,,60515,60515,341days,View,,,,
KA S SO,KIRSHNA FURN,3370,,3370,3370,384days,View,,,,
KA T PH,KRISHNA FURN,13600,,13600,13600,,View,,CASH GIVENG MATER,,
KA T SI,KRISHNA FURN,188517,,188517,188517,270days,View,,,,
KA T SI(2),KANNIKA FURN,208610,,208610,208610,270days,View,,,,
KD C SO,KANNAN DEPARTMENT,19945,,19945,19945,,View,,,,
KF P RJ,K.J.F FURN,6235,,6235,6235,304days,View,,,,
KG M SO,KING FURN,5695,,5695,5695,,View,,,,
KI A SI,KURINJI FURN,5343,,5343,5343,435days,View,,,,
KI K PH,KASTHURI FURN,12825,,12825,12825,1344days,View,,19-4 T2,,
KI K SO,KALEESWARI FURN,29475,,29475,29475,,View,,,,
KI P PH,KASI FURN,117952,,117952,117952,281days,View,,,,
KI U PH ,KASI FURN,18214,,18214,18214,323days,View,,,,
KK P SO,KARTHICK FURN,21001,,21001,21001,,View,,,,
KK V RJ,K.A.K FURN,50300,,50300,50300,785days,View,,,,
KL A SO,KAMAL FURN,671865,,671865,671865,320days,View,,,,
KL K SO,KALAIMAGAL FURN,8430,,8430,8430,,View,,,,
KM K SO,KALANJIAM FURN,4770,,4770,4770,,View,,,,
KN 2 P PH,KUMARAN FURN,15315,,15315,15315,755days,View,,,,
KN A PH,KUMARAN FURN,77695,,77695,77695,274days,View,,,,
KN K SO,KUMARAN FURN,278170,,278170,278170,287days,View,,THIS WEEK,,
KN K SO(2),KUMARAN FURN,8618,,8618,8618,719days,View,,,,
KN M PH[1],KUBERAN FURN,545103,,545103,545103,269days,View,,,,
KN M SI[2],KUMARAN FURN,53693,,53693,53693,904days,View,,100000 t4 1-5 LAST TIME 2-5\last time,24-06-2016,
KN P PH[1],KUMARAN FURN,805504,,805504,805504,269days,View,,,,
KN P PH[2],KUMARAN FURN,300984,,300984,300984,277days,View,,16-4[25000],,
KN P RJ [1],KUMARAN FURN,1223,,1223,1223,362days,View,,,,
KN P SO,KANDHAN FURN,116480,,116480,116480,535days,View,,,,
KN S RJ,KUMARAN FURN,5845,,5845,5845,864days,View,,,,
KN S SO,KUMARAN FURN,51157,,51157,51157,319days,View,,,,
KR A SO,KARPAGA VINAYAGAR,225920,,225920,225920,292days,View,,AFTER NEW YEAR,,
KR K PH,K.R FURN,105145,,105145,105145,278days,View,,,,
KR V RJ,KADHAR FURN,30994,,30994,30994,273days,View,,,,
KS P PH,KUNTHUS FURN,28681,,28681,28681,299days,View,,,,
KY A PH,KEY FURN,9039,,9039,9039,1471days,View,,,,
LI G RJ,LAKSHMI FURN,15670,,15670,15670,459days,View,,,,
LI M RJ,LAKSHMI FURN,12805,,12805,12805,850days,View,,,,
LL A RJ,JAKSHMI STEEL,1150,,1150,1150,,View,,,,
LS A SO,LAKSHMI VILAS,8355,,8355,8355,1456days,View,,,,
MA A SO,MAHA FURN,3785,,3785,3785,,View,,,,
MA D SI,MITHRA FURN,247724,,247724,247724,273days,View,,,,
MA G ,MONICA FUN,181319,,181319,181319,272days,View,,,,
MA P SO,MAHA FURN,14090,,14090,14090,,View,,,,
MA S RJ,MUTHARAMMA FURN,41197,,41197,41197,344days,View,,,,
MA U RJ,MASA FURN,11964,,11964,11964,648days,View,,,,
MA V PH,MAHARAJA FURN,74014,,74014,74014,585days,View,,1.5L 18-4,,
MI C PH,MAHALAKSHMI FURN,36778,,36778,36778,960days,View,,,,
MI D SO,MEENAKSHI FURN,308530,,308530,308530,295days,View,,30-12-12 PAYM,,
MI K SI,MEENAKSHI FURN,6812,,6812,6812,,View,,,,
MI P PH,MOOGAMBIGAI FURN,339579,,339579,339579,274days,View,,16-4,,
MI S SO,MOOGAMBIGAI FURN,29160,,29160,29160,957days,View,,,,
MI T PH,MAHALAKSHMI FURN,35300,,35300,35300,271days,View,,,,
MJ P SO,MUMTAJ FURN,18950,,18950,18950,1004days,View,,,,
MK G PH,M.K FURN,135,,135,135,1021days,View,,,,
MK R SO,MARK FURN,57857,,57857,57857,278days,View,,,,
MK W RJ,MALIK FURN,2060,,2060,2060,396days,View,,,,
ML K PH,MEENAKSHI METAL FURN,62121,,62121,62121,918days,View,,,,
ML K PH(2),MUHAMED ISMAYIL,243107,,243107,243107,1317days,View,,ACC CLOUSE 20-4,,
ML V RJ,MAKKAL STORE,84200,,84200,84200,273days,View,,,,
MM P SO,M.M FURN ,28000,,28000,28000,1447days,View,,CHAR PROBALM ,,
MN A SO(2),MURUGAN FURN,15200,,15200,15200,1361days,View,,,,
MN K PH,MEENAKSHI AMMAN FURN,3560,,3560,3560,,View,,,,
MN M SI,MEERAN FURN,116174,,116174,116174,302days,View,,,,
MN P PH,MODERN FURN,47147,,47147,47147,1098days,View,,,,
MN S RJ,MURUGAN,189765,,189765,189765,286days,View,,,,
MN T PH,MURUGAN FURN,240534,,240534,240534,916days,View,,fire mather 16-7,,
MO R RJ,METRO FURN,15197,,15197,15197,526days,View,,,,
MR M PH,M.R FURN,9800,,9800,9800,,View,,,,
MR S SO,MINAAR FURN,53285,,53285,53285,293days,View,,,,
MR V SO,MAYA BAZER,51324,,51324,51324,538days,View,,,,
MS A SO,MEENAKSHI VILAS,99825,,99825,99825,292days,View,,,,
MS S RJ,MEENAKSHI FURN,13250,,13250,13250,746days,View,,,,
MU B SI,M.A ETHIRAJ NAIDU FURN,78213,,78213,78213,270days,View,,,,
MU M SO,MUTHU FURN,4295,,4295,4295,,View,,,,
MV  K SO,M.M.V FURN,9810,,9810,9810,,View,,,,
MV P RJ,M.S.V FURN,51962,,51962,51962,269days,View,,,,
MV T RJ,M.A.V FURN,233354,,233354,233354,279days,View,,,,
NA K PH,NEW ROJA FURN,320,,320,320,784days,View,,,,
NA R SI,NAGARVALA FURN,70,,70,70,1425days,View,,,,
NA S PH,NEW SARAVANA FURN,9939,,9939,9939,,View,,,,
NA S SO,NISHA FURN,21440,,21440,21440,,View,,,,
NI B SI,NANDHINI FURN,26930,,26930,26930,1137days,View,,,,
NI W RJ,NITHI & CO,32564,,32564,32564,356days,View,,,,
NN D SO,NEW PANDIAN,3865,,3865,3865,419days,View,,,,
NN S PH,NAGARAJAN FURN,44957,,44957,44957,652days,View,,NEXT AADI NEW SHOP,,
NN T CY,NIRUBAN,230303,,230303,230303,428days,View,,,,
NO R SI,NEW MACRO FURN,140216,,140216,140216,1154days,View,,,,
NO T SI,NARAYANA&CO FURN,8140,,8140,8140,567days,View,,,,
NR P PH,NAMASKAR FURN,17700,,17700,17700,,View,,ph mater,,
NS P PH,N.S.R.S & CO,359471,,359471,359471,270days,View,,,,
NY M RJ,NEW LUCKY FURN,22235,,22235,22235,293days,View,,,,
OA P PH,O.A.AGENCIES,2700,,2700,2700,1372days,View,,,,
OA V ,OM SARAVANA,24600,,24600,24600,301days,View,,,,
OI M SI,OM SAKTHI FURN,14725,,14725,14725,428days,View,,,,
PA A PH[1],PAVITHRA FURN,38840,,38840,38840,297days,View,,,,
PA K PH,POORNIMA FURN,113843,,113843,113843,270days,View,,,,
PA K RJ,PUSHBA FURN,64895,,64895,64895,1345days,View,,very yest jail mater,26-06-2016,
PA K SI,PUSHBA FURN,71424,,71424,71424,292days,View,,,,
PA T SI,PRIYA FURN,273001,,273001,273001,295days,View,,,,
PI S SI,PONMANI FURN,58642,,58642,58642,305days,View,,,,
PI T SO,PRIYADHARSHINI FURN,600,,600,600,1363days,View,,,,
PI V SI,PALANI FURN,214495,,214495,214495,281days,View,,,,
PM R SI,PREM FURN,24880,,24880,24880,1411days,View,,DEAD,,
PN D SO,PAL PANDIAN FURN,95984,,95984,95984,285days,View,,,,
PN M RJ,PONNIYAMMAN FURN,24256,,24256,24256,304days,View,,,,
PN P PH,PANDIAN FURN,40039,,40039,40039,1260days,View,,,,
PR S SO,P.R FURN,10000,,10000,10000,749days,View,,,,
PR U SO,PANNER FURN,62615,,62615,62615,294days,View,,,,
QY K SO,QUALITY FURN ,92948,,92948,92948,740days,View,,,,
RA G PH,RAJA FURN,27485,,27485,27485,1125days,View,,,,
RA G PH(2),RATHNA FURN,5180,,5180,5180,,View,,,,
RA G RJ,RAJA FURN,16,,16,16,393days,View,,,,
RA K PH,RAMACHANDRA FURN,30004,,30004,30004,529days,View,,,,
RA P SO,RAJA FURN,126310,,126310,126310,292days,View,,,,
RA P SO[2],RAJA FURN,22852,,22852,22852,279days,View,,AFTER NEW YEAR PAYM,,
RA T PH,RAJA FURN,229068,,229068,229068,274days,View,,,,
RA T PH(2),RAJA FURN,102686,,102686,102686,294days,View,,,,
RA T RJ,ROJA FURN,145865,,145865,145865,274days,View,,,,
RA T SI,RATHNA FURN,6019,,6019,6019,293days,View,,20-4 next payment T10 2-5,,
RA T SI(2),RAJA FURN,7072,,7072,7072,412days,View,,,,
RA V SO,RAJA FURN,3000,,3000,3000,,View,,,,
RA V SO[1],RAHAVENDHRA FURN,456337,,456337,456337,328days,View,,,,
RD R PH,REAL WOOD,54603,,54603,54603,1044days,View,,,,
RH 2 C PH,RAKAMATH  FUN,1000,,1000,1000,1600days,View,,,,
RH C PH,RAHAMATH FURN,97683,,97683,97683,944days,View,,,,
RH S SO,RAKESH FURN,11020,,11020,11020,,View,,,,
RI A PH,RASI FURN,13110,,13110,13110,1110days,View,,,,
RI A SO,RAJALAKSHMI FURN,3500,,3500,3500,,View,,,,
RI D SO,RASI FURN,25950,,25950,25950,295days,View,,,,
RI K RJ,RANI FURN,41223,,41223,41223,486days,View,,,,
RI K SO,RASI FURN,38155,,38155,38155,333days,View,,,,
RI K SO[2],RANI FURN,85691,,85691,85691,294days,View,,,,
RI M SI,RAVI FURN,3010,,3010,3010,314days,View,,,,
RI P PH,REVATHI FURN,4500,,4500,4500,1470days,View,,,,
RI P PH[2],RASI FURN,134895,,134895,134895,294days,View,,,,
RI P[2] PH,RASI FURN,180724,,180724,180724,368days,View,,,,
RI T SO,RASI FURN,397066,,397066,397066,269days,View,,,,
RI V PH,RANI FURN,82060,,82060,82060,272days,View,,,,
RI V RJ,RASI FURN,124706,,124706,124706,271days,View,,,,
RJ A PH,RAJ FURN,277622,,277622,277622,361days,View,,,,
RJ D SI,RAJ FURN,136180,,136180,136180,283days,View,,,,
RJ G PH,RAJ FURN,650421,,650421,650421,269days,View,,,,
RJ R PH,RAJ FURN,321065,,321065,321065,281days,View,,,,
RK G PH,R.K FURN,70655,,70655,70655,288days,View,,,,
RK W RJ,RASHAK FURN,2368,,2368,2368,,View,,,,
RL K SO,ROYAL FURN,4130,,4130,4130,,View,,,,
RM K SI,RAHIM FURN,2000,,2000,2000,,View,,,,
RN P PH,RAJAN FURN,35,,35,35,,View,,,,
RO M SI,RAM&CO FURN,10500,,10500,10500,270days,View,,,,
RO P PH,RAYAL & CO FURN,106325,,106325,106325,269days,View,,22-4 T3 LOW AMOUNT COLL 2-5,,
RR M RJ,R.R.FURN,19363,,19363,19363,300days,View,,16-4 kusan un size retan,02-06-2016,
RY R PH,REVATHY FURN,62352,,62352,62352,302days,View,,,,
RY R SO,RAMASAMY FURN,444390,,444390,444390,271days,View,,,,
SA A PH,SHANMUGA FURN,16175,,16175,16175,,View,,,,
SA A SO,SHANMUGA FURN,2700,,2700,2700,,View,,,,
SA C CY,SARAVANA FURN,11187,,11187,11187,606days,View,,,,
SA C PH,SATHYA FURN,14939,,14939,14939,1516days,View,,,,
SA D DN ,SARAVANA FUN,17160,,17160,17160,,View,,,,
SA M RJ,SAI SARAVANA,145115,,145115,145115,1456days,View,,shop brek mater 21-4 LOW PAYMENT,,
SA N RJ,SHIBA FURN,582,,582,582,1134days,View,,,,
SA O CY,SARAVANA FURN,275761,,275761,275761,456days,View,,,,
SA P CY,SARAVANA STORE,6205557,,6205557,6205557,269days,View,,,,
SA P PH,SIVA FURN,210715,,210715,210715,410days,View,,,,
SA P SI,SUBA FURN,3857309,,3857309,3857309,686days,View,,,,
SA P SO,SARAVANA FURN,158067,,158067,158067,278days,View,,,,
SA P SO[1],SARAVANA FURN,25895,,25895,25895,1306days,View,,,,
SA S SO,SIVA FURN,28564,,28564,28564,1482days,View,,NEW SHOP OPEN AFTER NEW YEAR PAY,,
SA T RJ,SURYA FURN,127061,,127061,127061,274days,View,,,,
SA T SI,SARAVANA FURN,127733,,127733,127733,269days,View,,,,
SA T SI[1],SARAVANA FURN,18276,,18276,18276,280days,View,,,,
SA T SO(2),SIVA FURN,5400,,5400,5400,340days,View,,,,
SA T SO[2],SARAVANA FURN,5,,5,5,530days,View,,,,
SA V PH,S.M.A FURN,900,,900,900,,View,,,,
SD A PH,STANDARD FURN,2040,,2040,2040,,View,,,,
SD A PH[1],SALEEM BED,36580,,36580,36580,364days,View,,,,
SD K PH,SKY WOOD FURN,980,,980,980,999days,View,,,,
SD P PH,SALAM BED,113718,,113718,113718,276days,View,,15-4,,
SD S DN,STANDEARD FURN,12860,,12860,12860,1439days,View,,,,
SD V PH,S.D FURN,25569,,25569,25569,676days,View,,,,
SH K SO,SUBASH FURN,408574,,408574,408574,422days,View,,AFTER NEW YEAR[only bed],,
SH W PH,SRI NATH FURN,188672,,188672,188672,269days,View,,,,
SI A PH,SEEMATTI FURN,3760,,3760,3760,,View,,,,
SI A RJ,SRIVAARI FURN,57221,,57221,57221,356days,View,,15-4,,
SI C PH,SAKTHI FURN,58194,,58194,58194,654days,View,,,,
SI K PH,SRI MEENAKSHI FURN,19970,,19970,19970,,View,,,,
SI K PH[3],SRI VARI FURN,8901,,8901,8901,648days,View,,,,
SI K SO(2),SARASWATHI FURN,342187,,342187,342187,374days,View,,RETAN AND OLD  PROBALM,,
SI M SO,SHAJI FURN,7980,,7980,7980,663days,View,,,,
SI P PH,SRI SAI FURN,29305,,29305,29305,318days,View,,,,
SI P RJ,SANTHAI FURN,74097,,74097,74097,285days,View,,,,
SI P RJ[1],SURABI FURN,71363,,71363,71363,263days,View,,,,
SI P SO,SARASVATHI FURN,21817,,21817,21817,733days,View,,SLOW PAYM,,
SI P SO[1],SIVA SUBRAMANI FURN,2650,,2650,2650,1021days,View,,july acc clear,,
SI P SO[2],SIVA SAKTHI FURN,75,,75,75,,View,,,,
SI T PH,SANTHI FURN,24560,,24560,24560,887days,View,,,,
SI T SO,SABARI FURN,79182,,79182,79182,271days,View,,,,
SK M PH,S.K FURN,14000,,14000,14000,292days,View,,,,
SK M SI,S.K FURN,344,,344,344,999days,View,,,,
SL R PH,SENTHIL FURN,5450,,5450,5450,1459days,View,,,,
SM A PH,SELVAM FURN,278267,,278267,278267,270days,View,,,,
SM K PH,SRI RAM FURN,27575,,27575,27575,307days,View,,,,
SM K SI,SRIRAM FURN,2120,,2120,2120,,View,,,,
SM K SO,SELVAM FUN,1840,,1840,1840,753days,View,,,,
SM M RJ,SAIRAM FURN,274118,,274118,274118,269days,View,,,,
SM M SO,SRI RAM FURN ,292315,,292315,292315,292days,View,,RETAN AND OLD BALL,,
SM P PH,SRIRAM FURN,5210,,5210,5210,,View,,,,
SM P PH[1],SAIRAM FURN,18711,,18711,18711,659days,View,,,,
SM P PH[2],SELVAM FURN,247089,,247089,247089,269days,View,,,,
SM T PH,SRI RAM FURN,4000,,4000,4000,1070days,View,,,,
SM T PH[2],SRIRAM FURN,90,,90,90,,View,,,,
SM T SO,SUPER SHOWROOM,19620,,19620,19620,,View,,,,
SM T SO(2),SRI RAM FURN,12285,,12285,12285,480days,View,,,,
SM V RJ,SRIRAM FURN,31010,,31010,31010,280days,View,,,,
SN A PH,SUN FURN,19695,,19695,19695,270days,View,,,,
SN C RJ,SIVAMURUGAN FURN,18396,,18396,18396,330days,View,,,,
SN K RJ,SAI MURUGAN,126046,,126046,126046,269days,View,,,,
SN K SO,SRINIVASAN FURN,5840,,5840,5840,1586days,View,,,,
SN M RJ,SIVAN FURN,79645,,79645,79645,514days,View,,,,
SN P PH,SUN FURN,35329,,35329,35329,918days,View,,,,
SN S SO,SAKTHI MURUGAN FURN,22442,,22442,22442,285days,View,,,,
SO C PH,SAI BERO,5465,,5465,5465,1497days,View,,,,
SO K PH,SARAVANA & CO,104799,,104799,104799,274days,View,,,,
SO M PH[2],SIVI & CO ,203879,,203879,203879,278days,View,,,,
SO M SI,SARMI&CO FURN,1625,,1625,1625,538days,View,,16-4 t2,,
SO S SO,SAI & CO FURN,15740,,15740,15740,,View,,,,
SR A PH,STAR FURN,7941,,7941,7941,1478days,View,,,,
SR A PH[1],S.R FURN,225426,,225426,225426,270days,View,,,,
SR K PH,STAR FURN,35,,35,35,1630days,View,,,,
SR M RJ,SEKAR STORE,144213,,144213,144213,,View,,,,
SR M SI,SIDAAR FURN,38240,,38240,38240,277days,View,,,,
SR S SO,SANKAR FURN,24070,,24070,24070,293days,View,,,,
SR T ,SUPER T FUM,104169,,104169,104169,752days,View,,,,
SR T RJ,SR FURN,21970,,21970,21970,269days,View,,,,
SS K PH,SS FURN,112833,,112833,112833,269days,View,,,,
SS M PH,S.S FURN,10870,,10870,10870,,View,,shop close ph,,
SS M SI,S.S FURN,106286,,106286,106286,326days,View,,,,
SS T PH,S.P.S FUN,55800,,55800,55800,273days,View,,,,
ST M RJ ,SMART FURN,24713,,24713,24713,269days,View,,,,
SU M SI,SAI KANDHA GURU,48704,,48704,48704,1352days,View,,,,
SX T SI,SUPER DELAX FURN,92993,,92993,92993,277days,View,,,,
TA R PH,THIRUMALA FURN,18520,,18520,18520,,View,,shop place changed ph know,,
TB P SO,T.E.B FURN,7960,,7960,7960,344days,View,,,,
TI P PH,TEJASRI FURN,9060,,9060,9060,1531days,View,,,,
TJ T SO,THANGARAJ FURN,782,,782,782,1358days,View,,,,
TK K PH,T.R ABDUL RASAK FURN,23437,,23437,23437,,View,,,,
TK V SI,TEAK & OAK,392313,,392313,392313,279days,View,,110,,
TM T SO,THANGAM FURN,37159,,37159,37159,523days,View,,,,
TN 1000,1000,22800,,22800,22800,717days,View,,,,
TN 1003,1003,5700,,5700,5700,665days,View,,,,
TN 1006,1006,500,,500,500,713days,View,,,,
TN 1008,1008,24872,,24872,24872,710days,View,,,,
TN 1018,1018,7000,,7000,7000,709days,View,,,,
TN 1020,1020,4882,,4882,4882,707days,View,,,,
TN 1022,1022,2280,,2280,2280,707days,View,,,,
TN 1023,1023,14670,,14670,14670,707days,View,,,,
TN 1025,1025,1127,,1127,1127,694days,View,,,,
TN 1026,1026,4273,,4273,4273,697days,View,,,,
TN 1034,1034,1500,,1500,1500,686days,View,,,,
TN 1036,1036,125,,125,125,697days,View,,,,
TN 1038,1038,10500,,10500,10500,664days,View,,,,
TN 1040,1040,14000,,14000,14000,697days,View,,,,
TN 1041,1041,1000,,1000,1000,671days,View,,,,
TN 1050,1050,1022,,1022,1022,692days,View,,,,
TN 1051,1051,600,,600,600,690days,View,,,,
TN 1055,1055,200,,200,200,689days,View,,,,
TN 1056,1056,1100,,1100,1100,663days,View,,,,
TN 1058,1058,500,,500,500,684days,View,,,,
TN 1064,1064,4326,,4326,4326,682days,View,,,,
TN 1065,1065,500,,500,500,685days,View,,,,
TN 1068,1068,5000,,5000,5000,672days,View,,,,
TN 1071,1071,4000,,4000,4000,677days,View,,,,
TN 1075,1075,24000,,24000,24000,567days,View,,,,
TN 1076,1076,700,,700,700,675days,View,,,,
TN 1081,1081,1935,,1935,1935,675days,View,,,,
TN 1086,1086,100,,100,100,673days,View,,,,
TN 1087,1087,13200,,13200,13200,673days,View,,,,
TN 1088,1088,500,,500,500,657days,View,,,,
TN 1091,1091,12000,,12000,12000,670days,View,,,,
TN 1092,1092,700,,700,700,663days,View,,,,
TN 1093,1093,500,,500,500,670days,View,,,,
TN 1094,1094,5370,,5370,5370,670days,View,,,,
TN 1097,1097,500,,500,500,668days,View,,,,
TN 1103,1103,337,,337,337,645days,View,,,,
TN 1106,1106,33000,,33000,33000,664days,View,,,,
TN 1107,1107,7000,,7000,7000,661days,View,,,,
TN 1116,1116,5400,,5400,5400,654days,View,,,,
TN 1117,1117,10460,,10460,10460,650days,View,,,,
TN 1121,1121,4300,,4300,4300,635days,View,,,,
TN 1122,1122,900,,900,900,609days,View,,,,
TN 1126,1126,6100,,6100,6100,641days,View,,,,
TN 1127,1127,300,,300,300,650days,View,,,,
TN 1129,1129,700,,700,700,650days,View,,,,
TN 1130,1130,1500,,1500,1500,650days,View,,,,
TN 1131,1131,2500,,2500,2500,650days,View,,,,
TN 1133,1133,11520,,11520,11520,649days,View,,,,
TN 1135,1135,40,,40,40,629days,View,,,,
TN 1138,1138,6600,,6600,6600,644days,View,,,,
TN 1140,1140,3390,,3390,3390,616days,View,,,,
TN 1145,1145,500,,500,500,636days,View,,,,
TN 1146,1146,200,,200,200,638days,View,,,,
TN 1148,1148,200,,200,200,636days,View,,,,
TN 1150,1150,19982,,19982,19982,612days,View,,,,
TN 1152,1152,100,,100,100,633days,View,,,,
TN 1155,1155,200,,200,200,631days,View,,,,
TN 1161,1161,500,,500,500,627days,View,,,,
TN 1163,1163,1600,,1600,1600,627days,View,,,,
TN 1168,1168,1900,,1900,1900,626days,View,,,,
TN 1170,1170,1000,,1000,1000,623days,View,,,,
TN 1186,1186,2000,,2000,2000,626days,View,,,,
TN 1190,1190,700,,700,700,615days,View,,,,
TN 1194,1194,500,,500,500,619days,View,,,,
TN 1198,1198,2000,,2000,2000,615days,View,,,,
TN 1199,1199,24500,,24500,24500,584days,View,,,,
TN 1201,1201,500,,500,500,517days,View,,,,
TN 1205,1205,12500,,12500,12500,616days,View,,,,
TN 1207,1207,24,,24,24,615days,View,,,,
TN 1211,1211,40,,40,40,602days,View,,,,
TN 1213,1213,7300,,7300,7300,517days,View,,,,
TN 1220,1220,200,,200,200,608days,View,,,,
TN 1221,1221,11625,,11625,11625,608days,View,,,,
TN 1222,1222,2500,,2500,2500,608days,View,,,,
TN 1232,1232,2,,2,2,598days,View,,,,
TN 1233,1233,500,,500,500,595days,View,,,,
TN 1235,1235,2980,,2980,2980,595days,View,,,,
TN 1240,1240,48200,,48200,48200,573days,View,,,,
TN 1241,1241,400,,400,400,592days,View,,,,
TN 1246,1246,100,,100,100,592days,View,,,,
TN 1247,1247,12586,,12586,12586,592days,View,,,,
TN 1251,1251,500,,500,500,571days,View,,,,
TN 1255,1255,500,,500,500,562days,View,,,,
TN 1257,1257,153,,153,153,584days,View,,,,
TN 1258,1258,13,,13,13,585days,View,,,,
TN 1259,1259,900,,900,900,551days,View,,,,
TN 1261,1261,1000,,1000,1000,558days,View,,,,
TN 1263,1263,1200,,1200,1200,584days,View,,,,
TN 1265,1265,7000,,7000,7000,584days,View,,,,
TN 1266,1266,200,,200,200,582days,View,,,,
TN 1268,1268,4000,,4000,4000,582days,View,,,,
TN 1270,1270,6500,,6500,6500,577days,View,,,,
TN 1271,1271,54,,54,54,580days,View,,,,
TN 1274,1274,5841,,5841,5841,577days,View,,,,
TN 1277,1277,2000,,2000,2000,570days,View,,,,
TN 1281,1281,3761,,3761,3761,554days,View,,,,
TN 1282,1282,1000,,1000,1000,539days,View,,,,
TN 1286,1286,20313,,20313,20313,550days,View,,,,
TN 1287,1287,500,,500,500,571days,View,,,,
TN 1288,1288,2768,,2768,2768,566days,View,,,,
TN 1289,1289,6000,,6000,6000,542days,View,,,,
TN 1290,1290,4000,,4000,4000,562days,View,,,,
TN 1291,1291,1000,,1000,1000,573days,View,,,,
TN 1294,1294,12000,,12000,12000,573days,View,,,,
TN 1298,1298,2000,,2000,2000,570days,View,,,,
TN 1307,1307,4000,,4000,4000,547days,View,,,,
TN 1310,1310,2000,,2000,2000,547days,View,,,,
TN 1311,1311,10500,,10500,10500,562days,View,,,,
TN 1313,1313,12500,,12500,12500,558days,View,,,,
TN 1314,1314,10,,10,10,559days,View,,,,
TN 1316,1316,100,,100,100,561days,View,,,,
TN 1320,1320,3300,,3300,3300,560days,View,,,,
TN 1322,1322,1900,,1900,1900,559days,View,,,,
TN 1328,1328,13287,,13287,13287,556days,View,,,,
TN 1337,1337,5,,5,5,553days,View,,,,
TN 1341,1341,20188,,20188,20188,551days,View,,,,
TN 1343,1343,2100,,2100,2100,550days,View,,,,
TN 1348,1348,22000,,22000,22000,550days,View,,,,
TN 1355,1355,500,,500,500,545days,View,,,,
TN 1384,1384,20188,,20188,20188,544days,View,,,,
TN 1387,1387,500,,500,500,542days,View,,,,
TN 1388,1388,600,,600,600,542days,View,,,,
TN 1391,1391,800,,800,800,522days,View,,,,
TN 1392,1392,1000,,1000,1000,538days,View,,,,
TN 1393,1393,20000,,20000,20000,542days,View,,,,
TN 1394,1394,14000,,14000,14000,515days,View,,,,
TN 1396,1396,8000,,8000,8000,542days,View,,,,
TN 140,140,22000,,22000,22000,1383days,View,,,,
TN 1400,1400,431,,431,431,525days,View,,,,
TN 1402,1402,300,,300,300,526days,View,,,,
TN 1403,1403,52132,,52132,52132,538days,View,,,,
TN 1405,1405,10300,,10300,10300,538days,View,,,,
TN 1408,1408,26000,,26000,26000,537days,View,,,,
TN 1415,1415,5200,,5200,5200,533days,View,,,,
TN 1418,1418,22000,,22000,22000,467days,View,,,,
TN 1421,1421,5,,5,5,528days,View,,,,
TN 1424,1424,2100,,2100,2100,502days,View,,,,
TN 1425,1425,200,,200,200,529days,View,,,,
TN 1429,1429,4600,,4600,4600,528days,View,,,,
TN 1431,1431,2500,,2500,2500,523days,View,,,,
TN 1433,1433,74,,74,74,508days,View,,,,
TN 1434,1434,1400,,1400,1400,528days,View,,,,
TN 1435,1435,15707,,15707,15707,505days,View,,,,
TN 1446,1446,1000,,1000,1000,519days,View,,,,
TN 1455,1455,8000,,8000,8000,496days,View,,,,
TN 1459,1459,10000,,10000,10000,511days,View,,,,
TN 1469,1469,32830,,32830,32830,494days,View,,,,
TN 1470,1470,2750,,2750,2750,507days,View,,,,
TN 1472,1472,1200,,1200,1200,507days,View,,,,
TN 1474,1474,15500,,15500,15500,493days,View,,,,
TN 1475,1475,3500,,3500,3500,473days,View,,,,
TN 1486,1486,300,,300,300,500days,View,,,,
TN 1487,1487,3000,,3000,3000,500days,View,,,,
TN 1489,1489,14700,,14700,14700,496days,View,,,,
TN 1490,1490,1000,,1000,1000,496days,View,,,,
TN 1491,1491,300,,300,300,495days,View,,,,
TN 1492,1492,300,,300,300,494days,View,,,,
TN 1495,1495,33000,,33000,33000,494days,View,,,,
TN 1496,1496,200,,200,200,491days,View,,,,
TN 1499,1499,1000,,1000,1000,486days,View,,,,
TN 1500,1500,3000,,3000,3000,479days,View,,,,
TN 1609,1609,100,,100,100,1000days,View,,,,
TN 1613,1613,3000,,3000,3000,1006days,View,,,,
TN 1641,1641,100,,100,100,993days,View,,,,
TN 1643,1643,2000,,2000,2000,995days,View,,,,
TN 1648,1648,21500,,21500,21500,952days,View,,,,
TN 1649,1649,23220,,23220,23220,992days,View,,,,
TN 1651,1651,2000,,2000,2000,991days,View,,,,
TN 1655,1655,10000,,10000,10000,987days,View,,,,
TN 1658,1658,3180,,3180,3180,984days,View,,,,
TN 1661,1661,5700,,5700,5700,980days,View,,,,
TN 1667,1667,8000,,8000,8000,920days,View,,,,
TN 1675,1675,3000,,3000,3000,972days,View,,,,
TN 1677,1677,22000,,22000,22000,972days,View,,,,
TN 1679,1679,500,,500,500,970days,View,,,,
TN 1681,1681,3000,,3000,3000,924days,View,,,,
TN 1683,1683,540,,540,540,969days,View,,,,
TN 1685,1685,500,,500,500,969days,View,,,,
TN 1691,1691,3000,,3000,3000,966days,View,,,,
TN 1696,1696,2280,,2280,2280,962days,View,,,,
TN 1698,1698,2400,,2400,2400,960days,View,,,,
TN 1700,1700,500,,500,500,958days,View,,,,
TN 1704,1704,500,,500,500,956days,View,,,,
TN 1706,1706,24925,,24925,24925,927days,View,,,,
TN 1713,1713,4565,,4565,4565,950days,View,,,,
TN 1714,1714,380,,380,380,949days,View,,,,
TN 1715,1715,8000,,8000,8000,882days,View,,,,
TN 1719,1719,385,,385,385,934days,View,,,,
TN 1720,1720,20000,,20000,20000,924days,View,,,,
TN 1721,1721,3700,,3700,3700,939days,View,,,,
TN 1723,1723,13100,,13100,13100,932days,View,,,,
TN 1725,1725,1700,,1700,1700,939days,View,,,,
TN 1727,1727,126835,,126835,126835,938days,View,,,,
TN 1730,1730,750,,750,750,937days,View,,,,
TN 1743,1743,1960,,1960,1960,922days,View,,,,
TN 1752,1752,1000,,1000,1000,925days,View,,,,
TN 1773,1773,1745,,1745,1745,916days,View,,,,
TN 1774,1774,1500,,1500,1500,915days,View,,,,
TN 1775,1775,2500,,2500,2500,904days,View,,,,
TN 1776,1776,500,,500,500,911days,View,,,,
TN 1777,1777,2000,,2000,2000,893days,View,,,,
TN 1778,1778,9200,,9200,9200,908days,View,,,,
TN 1779,1779,3000,,3000,3000,910days,View,,,,
TN 1780,1780,4800,,4800,4800,910days,View,,,,
TN 1782,1782,4800,,4800,4800,908days,View,,,,
TN 1784,1784,300,,300,300,869days,View,,,,
TN 1787,1787,300,,300,300,902days,View,,,,
TN 1788,1788,3800,,3800,3800,901days,View,,,,
TN 1792,1792,22000,,22000,22000,904days,View,,,,
TN 1794,1794,1100,,1100,1100,903days,View,,,,
TN 1796,1796,400,,400,400,902days,View,,,,
TN 1799,1799,1000,,1000,1000,901days,View,,,,
TN 2105,2105,2500,,2500,2500,489days,View,,,,
TN 2131,2131,10002,,10002,10002,453days,View,,,,
TN 2133,2133,1000,,1000,1000,484days,View,,,,
TN 2135,2135,4500,,4500,4500,482days,View,,,,
TN 2139,2139,1000,,1000,1000,481days,View,,,,
TN 2143,2143,3000,,3000,3000,477days,View,,,,
TN 2149,2149,1402,,1402,1402,463days,View,,,,
TN 2152,2152,1000,,1000,1000,474days,View,,,,
TN 2153,2153,38371,,38371,38371,453days,View,,,,
TN 2154,2154,5650,,5650,5650,309days,View,,,,
TN 2156,2156,10000,,10000,10000,473days,View,,,,
TN 2161,2161,4600,,4600,4600,463days,View,,,,
TN 2188,2188,6000,,6000,6000,1228days,View,,,,
TN 2189,2189,13000,,13000,13000,1228days,View,,,,
TN 2190,2190,300,,300,300,1233days,View,,,,
TN 2191,2191,17500,,17500,17500,1236days,View,,,,
TN 2195,2195,3400,,3400,3400,347days,View,,,,
TN 2198,2198,200,,200,200,1233days,View,,,,
TN 22,22,8000,,8000,8000,1468days,View,,,,
TN 2201,2201,500,,500,500,1224days,View,,,,
TN 2202,2202,800,,800,800,1231days,View,,,,
TN 2205,2205,4375,,4375,4375,1228days,View,,,,
TN 2207,2207,1825,,1825,1825,1228days,View,,,,
TN 2208,2208,13170,,13170,13170,456days,View,,,,
TN 2214,2214,58,,58,58,467days,View,,,,
TN 2215,2215,600,,600,600,467days,View,,,,
TN 2216,2216,700,,700,700,465days,View,,,,
TN 2217,2217,11800,,11800,11800,466days,View,,,,
TN 2218,2218,500,,500,500,466days,View,,,,
TN 2219,2219,200,,200,200,466days,View,,,,
TN 2220,2220,5100,,5100,5100,453days,View,,,,
TN 2223,2223,15,,15,15,463days,View,,,,
TN 2224,2224,500,,500,500,1214days,View,,,,
TN 2225,2225,28246,,28246,28246,462days,View,,,,
TN 2226,2226,1090,,1090,1090,462days,View,,,,
TN 2227,2227,12150,,12150,12150,462days,View,,,,
TN 223,223,3800,,3800,3800,1315days,View,,,,
TN 2236,2236,100,,100,100,455days,View,,,,
TN 2239,2239,200,,200,200,454days,View,,,,
tn 2244,2244,4000,,4000,4000,453days,View,,,,
TN 2245,2245,7116,,7116,7116,452days,View,,,,
TN 2246,2246,10450,,10450,10450,452days,View,,,,
TN 2248,2248,13500,,13500,13500,452days,View,,,,
TN 2253,2253,400,,400,400,416days,View,,,,
TN 2254,2254,3710,,3710,3710,449days,View,,,,
TN 2255,2255,500,,500,500,447days,View,,,,
TN 2256,2256,3500,,3500,3500,431days,View,,,,
TN 2258,2258,10300,,10300,10300,445days,View,,,,
TN 2259,2259,6000,,6000,6000,411days,View,,,,
TN 2261,2261,9200,,9200,9200,441days,View,,,,
tn 2262,2262,580,,580,580,441days,View,,,,
TN 2263,2263,300,,300,300,439days,View,,,,
TN 2264,2264,4500,,4500,4500,440days,View,,,,
TN 2267,2267,30663,,30663,30663,434days,View,,,,
TN 2269,2269,3000,,3000,3000,440days,View,,,,
tn 2273,2273,30000,,30000,30000,439days,View,,,,
TN 2276,2276,200,,200,200,438days,View,,,,
TN 2278,2278,13100,,13100,13100,437days,View,,,,
TN 2279,2279,18500,,18500,18500,437days,View,,,,
TN 2280,2280,2370,,2370,2370,430days,View,,,,
TN 2284,2284,22000,,22000,22000,435days,View,,,,
TN 2287,2287,36,,36,36,431days,View,,,,
TN 2288,2288,500,,500,500,433days,View,,,,
TN 2289,2289,700,,700,700,428days,View,,,,
TN 2290,2290,9100,,9100,9100,412days,View,,,,
TN 2291,2291,1730,,1730,1730,410days,View,,,,
TN 2293,2293,4950,,4950,4950,424days,View,,,,
TN 2295,2295,11605,,11605,11605,398days,View,,,,
TN 2297,2297,1000,,1000,1000,430days,View,,,,
TN 2302,2302,4200,,4200,4200,428days,View,,,,
TN 2304,2304,7575,,7575,7575,424days,View,,,,
TN 2305,2305,11400,,11400,11400,402days,View,,,,
TN 2306,2306,13900,,13900,13900,421days,View,,,,
TN 2308,2308,500,,500,500,422days,View,,,,
TN 2314,2314,600,,600,600,1104days,View,,,,
TN 2315,2315,100,,100,100,420days,View,,,,
TN 2316,2316,9000,,9000,9000,419days,View,,,,
TN 2318,2318,13500,,13500,13500,1134days,View,,,,
TN 2321,2321,2000,,2000,2000,417days,View,,,,
TN 2322,2322,2000,,2000,2000,416days,View,,,,
TN 2325,2325,5800,,5800,5800,414days,View,,,,
TN 2329,2329,21035,,21035,21035,413days,View,,,,
TN 2333,2333,500,,500,500,412days,View,,,,
TN 2335,2335,500,,500,500,395days,View,,,,
TN 2336,2336,1300,,1300,1300,409days,View,,,,
TN 2337,2337,6000,,6000,6000,295days,View,,,,
tn 2340,2340,3100,,3100,3100,405days,View,,,,
TN 2341,2341,3300,,3300,3300,409days,View,,,,
TN 2343,2343,9300,,9300,9300,393days,View,,,,
TN 2344,2344,3000,,3000,3000,395days,View,,,,
TN 2347,2347,18850,,18850,18850,407days,View,,,,
TN 2349,2349,15448,,15448,15448,406days,View,,,,
TN 235,235,13500,,13500,13500,1321days,View,,,,
tn 2350,2350,16400,,16400,16400,406days,View,,,,
TN 2351,2351,9500,,9500,9500,384days,View,,,,
tn 2352,2352,7500,,7500,7500,406days,View,,,,
TN 2355,2355,1000,,1000,1000,403days,View,,,,
tn 2356,2356,1000,,1000,1000,405days,View,,,,
tn 2362,2362,25,,25,25,402days,View,,,,
tn 2363,2363,2200,,2200,2200,402days,View,,,,
tn 2364,2364,9300,,9300,9300,1109days,View,,,,
tn 2366,2366,3300,,3300,3300,396days,View,,,,
TN 2367,2367,21000,,21000,21000,395days,View,,,,
tn 2368,2368,500,,500,500,398days,View,,,,
tn 2370,2370,2200,,2200,2200,399days,View,,,,
tn 2371,2371,200,,200,200,1105days,View,,,,
tn 2372,2372,15705,,15705,15705,399days,View,,,,
tn 2373,2373,525,,525,525,396days,View,,,,
tn 2374,2374,5700,,5700,5700,399days,View,,,,
TN 2376,2376,2400,,2400,2400,392days,View,,,,
tn 2378,2378,450,,450,450,398days,View,,,,
tn 2380,2380,5742,,5742,5742,398days,View,,,,
tn 2381,2381,250,,250,250,397days,View,,,,
TN 2382,2382,2350,,2350,2350,396days,View,,,,
tn 2383,2383,4150,,4150,4150,396days,View,,,,
TN 2384,2384,1600,,1600,1600,390days,View,,,,
TN 2385,2385,2500,,2500,2500,395days,View,,,,
TN 2386,2386,30,,30,30,395days,View,,,,
TN 239,239,3800,,3800,3800,1317days,View,,,,
TN 2391,2391,4672,,4672,4672,390days,View,,,,
TN 2392,2392,200,,200,200,390days,View,,,,
TN 2393,2393,5500,,5500,5500,393days,View,,,,
TN 2397,2397,500,,500,500,371days,View,,,,
TN 24,24,3400,,3400,3400,1462days,View,,,,
TN 2400,2400,700,,700,700,390days,View,,,,
TN 245,245,500,,500,500,1313days,View,,,,
TN 246,246,35000,,35000,35000,1306days,View,,,,
TN 247,247,12000,,12000,12000,1309days,View,,,,
TN 250,250,7650,,7650,7650,1313days,View,,,,
TN 253,253,23600,,23600,23600,1294days,View,,,,
TN 255,255,2400,,2400,2400,1310days,View,,,,
TN 2601,2601,200,,200,200,374days,View,,,,
TN 2604,2604,150,,150,150,388days,View,,,,
TN 2605,2605,27,,27,27,381days,View,,,,
TN 2608,2608,4,,4,4,388days,View,,,,
TN 2612,2612,9000,,9000,9000,387days,View,,,,
TN 2615,2615,300,,300,300,384days,View,,,,
TN 2616,2616,8400,,8400,8400,383days,View,,,,
TN 2619,2619,11742,,11742,11742,381days,View,,,,
TN 2621,2621,100,,100,100,381days,View,,,,
TN 2622,2622,3,,3,3,379days,View,,,,
TN 2626,2626,6357,,6357,6357,364days,View,,,,
TN 2627,2627,6830,,6830,6830,379days,View,,,,
TN 2633,2633,12645,,12645,12645,376days,View,,,,
TN 2635,2635,19600,,19600,19600,374days,View,,,,
TN 2638,2638,4012,,4012,4012,367days,View,,,,
TN 2643,2643,6890,,6890,6890,371days,View,,,,
TN 2645,2645,12300,,12300,12300,371days,View,,,,
TN 2646,2646,16986,,16986,16986,361days,View,,,,
TN 2648,2648,42,,42,42,368days,View,,,,
TN 2650,2650,5700,,5700,5700,367days,View,,,,
TN 2655,2655,500,,500,500,364days,View,,,,
TN 2657,2657,50,,50,50,363days,View,,,,
TN 2660,2660,13000,,13000,13000,360days,View,,,,
TN 2661,2661,1885,,1885,1885,362days,View,,,,
TN 2663,2663,19000,,19000,19000,362days,View,,,,
TN 2664,2664,5732,,5732,5732,362days,View,,,,
TN 2668,2668,29500,,29500,29500,361days,View,,,,
TN 267,267,1000,,1000,1000,1288days,View,,,,
TN 2673,2673,30500,,30500,30500,297days,View,,,,
TN 2674,2674,400,,400,400,357days,View,,,,
TN 2675,2675,4900,,4900,4900,357days,View,,,,
TN 2677,2677,4000,,4000,4000,357days,View,,,,
TN 2679,2679,6000,,6000,6000,356days,View,,,,
TN 2681,2681,15500,,15500,15500,319days,View,,,,
TN 2683,2683,5034,,5034,5034,349days,View,,,,
TN 2684,2684,500,,500,500,349days,View,,,,
TN 2685,2685,1000,,1000,1000,349days,View,,,,
TN 2686,2686,1740,,1740,1740,349days,View,,,,
TN 2692,2692,504,,504,504,348days,View,,,,
TN 2697,2697,4100,,4100,4100,343days,View,,,,
TN 2698,2698,29500,,29500,29500,347days,View,,,,
tn 2723,2723,72000,,72000,72000,307days,View,,,,
TN 273,273,8350,,8350,8350,1298days,View,,,,
TN 2761,2761,10600,,10600,10600,346days,View,,,,
TN 2770,2770,413,,413,413,339days,View,,,,
TN 2772,2772,1000,,1000,1000,346days,View,,,,
TN 2775,2775,2,,2,2,346days,View,,,,
TN 2776,2776,22000,,22000,22000,344days,View,,,,
TN 2777,2777,60,,60,60,339days,View,,,,
TN 2779,2779,3000,,3000,3000,343days,View,,,,
TN 2783,2783,1086,,1086,1086,325days,View,,,,
TN 2787,2787,3,,3,3,339days,View,,,,
TN 2788,2788,40200,,40200,40200,340days,View,,,,
TN 2790,2790,18222,,18222,18222,339days,View,,,,
TN 2793,2793,34000,,34000,34000,339days,View,,,,
TN 2796,2796,1000,,1000,1000,339days,View,,,,
TN 2797,2797,30000,,30000,30000,326days,View,,,,
TN 2802,2802,19948,,19948,19948,327days,View,,,,
TN 2806,2806,1000,,1000,1000,321days,View,,,,
TN 2808,2808,8300,,8300,8300,329days,View,,,,
TN 2813,2813,62082,,62082,62082,329days,View,,,,
TN 2817,2817,13383,,13383,13383,326days,View,,,,
TN 2818,2818,35710,,35710,35710,323days,View,,,,
TN 2819,2819,3404,,3404,3404,318days,View,,,,
TN 2821,2821,26500,,26500,26500,323days,View,,,,
TN 2822,2822,2700,,2700,2700,323days,View,,,,
TN 2824,2824,1200,,1200,1200,1616days,View,,,,
TN 2826,2826,3400,,3400,3400,322days,View,,,,
TN 2828,2828,8504,,8504,8504,277days,View,,,,
TN 2829,2829,53542,,53542,53542,322days,View,,,,
TN 2830,2830,1000,,1000,1000,322days,View,,,,
TN 2831,2831,15900,,15900,15900,321days,View,,,,
TN 2833,2833,3000,,3000,3000,320days,View,,,,
TN 2836,2836,3,,3,3,318days,View,,,,
TN 2837,2837,1000,,1000,1000,1594days,View,,,,
TN 2838,2838,13160,,13160,13160,312days,View,,,,
TN 2841,2841,5005,,5005,5005,314days,View,,,,
TN 2846,2846,8800,,8800,8800,313days,View,,,,
TN 2847,2847,4300,,4300,4300,312days,View,,,,
TN 2848,2848,11583,,11583,11583,312days,View,,,,
TN 2849,2849,1000,,1000,1000,307days,View,,,,
TN 2851,2851,482,,482,482,277days,View,,,,
TN 2853,2853,4869,,4869,4869,295days,View,,,,
TN 2854,2854,13550,,13550,13550,1593days,View,,,,
TN 2855,2855,3600,,3600,3600,307days,View,,,,
TN 2860,2860,3701,,3701,3701,305days,View,,,,
TN 2862,2862,3077,,3077,3077,304days,View,,,,
TN 2863,2863,172,,172,172,302days,View,,,,
TN 2865,2865,300,,300,300,300days,View,,,,
TN 2868,2868,15800,,15800,15800,274days,View,,,,
TN 2869,2869,26500,,26500,26500,283days,View,,,,
TN 2870,2870,1000,,1000,1000,300days,View,,,,
TN 2871,2871,1000,,1000,1000,299days,View,,,,
TN 2873,2873,200,,200,200,299days,View,,,,
TN 2874,2874,11,,11,11,299days,View,,,,
TN 2879,2879,90,,90,90,297days,View,,,,
TN 2885,2885,14402,,14402,14402,294days,View,,,,
TN 2886,2886,5168,,5168,5168,297days,View,,,,
TN 2888,2888,17000,,17000,17000,270days,View,,,,
TN 2889,2889,300,,300,300,292days,View,,,,
TN 2890,2890,37150,,37150,37150,285days,View,,,,
TN 2891,2891,30000,,30000,30000,278days,View,,,,
TN 2893,2893,10900,,10900,10900,287days,View,,,,
TN 2894,2894,1475,,1475,1475,287days,View,,,,
TN 2897,2897,5700,,5700,5700,285days,View,,,,
TN 2899,2899,4250,,4250,4250,285days,View,,,,
TN 29,29,2000,,2000,2000,1470days,View,,,,
TN 2903,2903,1600,,1600,1600,284days,View,,,,
TN 2904,2904,4000,,4000,4000,281days,View,,,,
TN 2907,2907,440,,440,440,283days,View,,,,
TN 2908,2908,6500,,6500,6500,279days,View,,,,
TN 2909,2909,12000,,12000,12000,283days,View,,,,
TN 2912,2912,27500,,27500,27500,269days,View,,,,
TN 2913,2913,4000,,4000,4000,280days,View,,,,
TN 2920,2920,100,,100,100,279days,View,,,,
TN 2923,2923,7000,,7000,7000,278days,View,,,,
TN 2925,2925,4100,,4100,4100,277days,View,,,,
TN 2926,2926,800,,800,800,276days,View,,,,
TN 2927,2927,9891,,9891,9891,269days,View,,,,
TN 2928,2928,5600,,5600,5600,274days,View,,,,
TN 2929,2929,22000,,22000,22000,270days,View,,,,
TN 2930,2930,2500,,2500,2500,273days,View,,,,
TN 2932,2932,12000,,12000,12000,1508days,View,,,,
TN 2933,2933,80321,,80321,80321,270days,View,,,,
TN 2934,2934,7800,,7800,7800,272days,View,,,,
TN 2935,2935,3500,,3500,3500,272days,View,,,,
TN 2936,2936,18500,,18500,18500,272days,View,,,,
TN 2938,2938,14125,,14125,14125,271days,View,,,,
TN 2939,2939,15000,,15000,15000,272days,View,,,,
TN 2940,2940,19000,,19000,19000,271days,View,,,,
TN 2941,2941,30243,,30243,30243,270days,View,,,,
TN 2943,2943,19000,,19000,19000,269days,View,,,,
TN 2946,2946,13400,,13400,13400,269days,View,,,,
TN 2947,2947,6000,,6000,6000,269days,View,,,,
TN 2948,2948,17000,,17000,17000,269days,View,,,,
TN 2952,2952,2000,,2000,2000,1483days,View,,,,
TN 2953,2953,4000,,4000,4000,1512days,View,,,,
TN 2954,2954,10000,,10000,10000,1502days,View,,,,
TN 2955,2955,5500,,5500,5500,1515days,View,,,,
TN 2956,2956,2400,,2400,2400,1489days,View,,,,
TN 2964,2964,200,,200,200,1510days,View,,,,
TN 2965,2965,12000,,12000,12000,1490days,View,,,,
TN 2967,2967,3000,,3000,3000,1478days,View,,,,
TN 2971,2971,200,,200,200,1504days,View,,,,
TN 2979,2979,4700,,4700,4700,1504days,View,,,,
TN 2983,2983,21900,,21900,21900,1491days,View,,,,
TN 2988,2988,3000,,3000,3000,1497days,View,,,,
TN 2990,2990,3500,,3500,3500,1496days,View,,,,
TN 2992,2992,100,,100,100,1491days,View,,,,
TN 2996,2996,8500,,8500,8500,1491days,View,,,,
TN 30,30,24000,,24000,24000,1417days,View,,,,
TN 41,41,12000,,12000,12000,1467days,View,,,,
TN 42,42,10200,,10200,10200,1466days,View,,,,
TN 49,49,500,,500,500,1450days,View,,,,
TN 52,52,9615,,9615,9615,1333days,View,,,,
TN 58,58,7500,,7500,7500,1447days,View,,,,
TN 59,59,2000,,2000,2000,1450days,View,,,,
TN 63,63,100,,100,100,1439days,View,,,,
TN 64,64,2500,,2500,2500,1448days,View,,,,
TN 674,674,19050,,19050,19050,848days,View,,,,
TN 675,675,1000,,1000,1000,894days,View,,,,
TN 677,677,600,,600,600,857days,View,,,,
TN 678,678,100,,100,100,893days,View,,,,
TN 681,681,1000,,1000,1000,864days,View,,,,
TN 682,682,1250,,1250,1250,892days,View,,,,
TN 683,683,3000,,3000,3000,892days,View,,,,
TN 684,684,1000,,1000,1000,889days,View,,,,
TN 686,686,1000,,1000,1000,887days,View,,,,
TN 688,688,700,,700,700,879days,View,,,,
TN 69,69,2000,,2000,2000,1432days,View,,,,
TN 691,691,27500,,27500,27500,859days,View,,,,
TN 70,70,21000,,21000,21000,1429days,View,,,,
TN 703,703,24000,,24000,24000,852days,View,,,,
TN 704,704,500,,500,500,857days,View,,,,
TN 709,709,2000,,2000,2000,766days,View,,,,
TN 710,710,4000,,4000,4000,865days,View,,,,
TN 718,718,900,,900,900,853days,View,,,,
TN 719,719,500,,500,500,868days,View,,,,
TN 724,724,2100,,2100,2100,864days,View,,,,
TN 727,727,23000,,23000,23000,812days,View,,,,
TN 73,73,1000,,1000,1000,1352days,View,,,,
TN 734,734,6000,,6000,6000,836days,View,,,,
TN 737,737,400,,400,400,853days,View,,,,
TN 739,739,900,,900,900,851days,View,,,,
TN 748,748,9380,,9380,9380,846days,View,,,,
TN 749,749,4680,,4680,4680,846days,View,,,,
TN 758,MURUGAN,23100,,23100,23100,836days,View,,,,
tn 759,759,1400,,1400,1400,836days,View,,,,
TN 762,762,500,,500,500,829days,View,,,,
TN 763,MURUGAN,27000,,27000,27000,836days,View,,,,
TN 769,769,450,,450,450,824days,View,,,,
tn 770,770,9000,,9000,9000,832days,View,,,,
TN 772,772,21500,,21500,21500,830days,View,,,,
TN 776,776,18300,,18300,18300,825days,View,,,,
TN 777,777,1000,,1000,1000,826days,View,,,,
TN 782,782,4500,,4500,4500,822days,View,,,,
TN 784,784,3000,,3000,3000,816days,View,,,,
TN 789,789,11375,,11375,11375,823days,View,,,,
TN 8,8,24000,,24000,24000,1475days,View,,,,
TN 81,81,2700,,2700,2700,1434days,View,,,,
tn 814,814,300,,300,300,804days,View,,,,
TN 820,820,1500,,1500,1500,799days,View,,,,
TN 823,823,1000,,1000,1000,799days,View,,,,
TN 832,832,2655,,2655,2655,797days,View,,,,
TN 834,834,1867,,1867,1867,795days,View,,,,
TN 836,836,1000,,1000,1000,794days,View,,,,
tn 839,839,100,,100,100,790days,View,,,,
tn 848,848,250,,250,250,788days,View,,,,
tn 849,849,41500,,41500,41500,788days,View,,,,
TN 864,864,2000,,2000,2000,782days,View,,,,
TN 865,865,960,,960,960,782days,View,,,,
TN 868,TN,500,,500,500,764days,View,,,,
tn 869,869,8000,,8000,8000,780days,View,,,,
tn 874,874,1000,,1000,1000,778days,View,,,,
tn 878,878,20000,,20000,20000,727days,View,,,,
TN 88,88,300,,300,300,1426days,View,,,,
TN 880,880,8400,,8400,8400,775days,View,,,,
tn 881,881,3000,,3000,3000,776days,View,,,,
TN 885,885,31000,,31000,31000,775days,View,,,,
tn 887,tn,6271,,6271,6271,771days,View,,,,
tn 890,tn,4500,,4500,4500,773days,View,,,,
tn 896,tn,4500,,4500,4500,771days,View,,,,
tn 899,tn,450,,450,450,770days,View,,,,
TN 90,90,1800,,1800,1800,1429days,View,,,,
tn 901,tn,1000,,1000,1000,768days,View,,,,
tn 905,905,5000,,5000,5000,746days,View,,,,
TN 91,91,200,,200,200,1425days,View,,,,
TN 910,TN,6422,,6422,6422,763days,View,,,,
TN 912,912,7500,,7500,7500,727days,View,,,,
tn 914,tn,350,,350,350,759days,View,,,,
tn 916,tn ,397,,397,397,759days,View,,,,
TN 92,92,200,,200,200,1426days,View,,,,
tn 920,tn,15000,,15000,15000,746days,View,,,,
tn 923,tn,3105,,3105,3105,757days,View,,,,
tn 928,tn,1000,,1000,1000,755days,View,,,,
tn 933,tn,23500,,23500,23500,753days,View,,,,
tn 936,tn,750,,750,750,750days,View,,,,
tn 939,939,1300,,1300,1300,748days,View,,,,
tn 940,940,8144,,8144,8144,728days,View,,,,
TN 947,947,3580,,3580,3580,743days,View,,,,
tn 948,948,200,,200,200,733days,View,,,,
TN 952,952,2000,,2000,2000,742days,View,,,,
TN 958,958,6000,,6000,6000,738days,View,,,,
TN 959,959,1000,,1000,1000,738days,View,,,,
TN 960,960,26000,,26000,26000,735days,View,,,,
TN 962,962,500,,500,500,734days,View,,,,
TN 963,963,100,,100,100,733days,View,,,,
TN 964,964,1300,,1300,1300,713days,View,,,,
TN 965,965,8150,,8150,8150,697days,View,,,,
TN 97,97,4100,,4100,4100,1424days,View,,,,
TN 970,970,2320,,2320,2320,732days,View,,,,
TN 971,971,300,,300,300,725days,View,,,,
TN 972,972,300,,300,300,728days,View,,,,
TN 973,973,1000,,1000,1000,727days,View,,,,
TN 977,977,93,,93,93,726days,View,,,,
TN 978,978,200,,200,200,725days,View,,,,
TN 979,979,2000,,2000,2000,726days,View,,,,
TN 982,982,6000,,6000,6000,725days,View,,,,
tn 986,tn,3600,,3600,3600,725days,View,,,,
TN 989,989,2000,,2000,2000,724days,View,,,,
TN 990,990,1900,,1900,1900,724days,View,,,,
TN 994,994,588,,588,588,720days,View,,,,
TN 997,997,3500,,3500,3500,718days,View,,,,
TN 998,998,21735,,21735,21735,718days,View,,,,
TN P PH,THIRUKUMARAN FURN,258766,,258766,258766,269days,View,,,,
TN R PH,THIRUCHENTHUR MURUGAN,15948,,15948,15948,1538days,View,,,,
TS G SI,T.M.S FURN,90940,,90940,90940,276days,View,,,,
TU M PH,TAMILNADU FURN,140411,,140411,140411,277days,View,,,,
UA P SO,UDAYANILA FURN,4878,,4878,4878,,View,,,,
UM G PH,UDAYAM FURN,1390680,,1390680,1390680,269days,View,,,,
UM S SO,UDAYAM FURN,5500,,5500,5500,,View,,,,
VA E SI,VENKADESHVARA FURN,21756,,21756,21756,278days,View,,,,
VA P PH,VENKADESHWARA FURN,13000,,13000,13000,1240days,View,,,,
VA R SI,VIJAYA FURN,24870,,24870,24870,273days,View,,,,
VA S SO,VENKADESHWARA FURN,1280,,1280,1280,1099days,View,,,,
VA T SI,VENKADESHVARA FURN,647969,,647969,647969,270days,View,,50,,
VA V PH,VINAYAGA FURN,15700,,15700,15700,288days,View,,,,
VH P RJ,VIGNESH FURN,15729,,15729,15729,1310days,View,,23000+10000,26-06-2016,
VI A PH,VALARMATHI FURN,12980,,12980,12980,1144days,View,,,,
VI E SI,VIJAYALAKSHMI FURN,287587,,287587,287587,298days,View,,,,
VI K PH,VISALACHI FURN,2211219,,2211219,2211219,278days,View,,,,
VI R PH,VIJAYALAKSHMI FURN,20100,,20100,20100,286days,View,,,,
VM G PH,VASANTHAM FURN,44431,,44431,44431,307days,View,,,,
VM T PH,VASANTHAM FURN,7351,,7351,7351,1559days,View,,,,
VM T SO,V.K.M FURN,151687,,151687,151687,294days,View,,,,
VN C SI,VALLI MURUGAN FURN,19422,,19422,19422,314days,View,,,,
VN M PH,VASAN FURN,11103,,11103,11103,,View,,,,
VN M SI,VELAVAN FURN,196655,,196655,196655,733days,View,,,,
VN R PH[1],VELAN STORE,10200,,10200,10200,271days,View,,,,
VN U SO,VASAN FURN,79826,,79826,79826,322days,View,,,,
VP M SI,V.G.P FURN,5305,,5305,5305,1314days,View,,retan 19-4 T3 2-5,,
VR P PH,VISDOR FURN,2,,2,2,853days,View,,,,
VU K SO,VISHNU FURN,21690,,21690,21690,,View,,,,
VY V ,VETRY V FURN,1814086,,1814086,1814086,270days,View,,,,
WC P ,WOOD ARC ,13523,,13523,13523,340days,View,,,,
WN C RJ,WIN TRADERS,31528,,31528,31528,269days,View,,,,
WS V PH,WOOD EXPRESS,13765,,13765,13765,,View,,,,
undefined,undefined,undefined,undefined,undefined,undefined,undefined,undefined,undefined,undefined,undefined,undefined
undefined,undefined,undefined,undefined,undefined,undefined,undefined,undefined,undefined,undefined,undefined,undefined
undefined,undefined,undefined,undefined,undefined,undefined,undefined,undefined,undefined,undefined,undefined,undefined
undefined,undefined,undefined,undefined,undefined,undefined,undefined,undefined,undefined,undefined,undefined,undefined
undefined,undefined,undefined,undefined,undefined,undefined,undefined,undefined,undefined,undefined,undefined,undefined
undefined,undefined,undefined,undefined,undefined,undefined,undefined,undefined,undefined,undefined,undefined,undefined
undefined,undefined,undefined,undefined,undefined,undefined,undefined,undefined,undefined,undefined,undefined
